{
  "XDDDYX,YCCXYX": {
    "base": 10,
    "rhombus": {
      "v1": {
        "x": 1.1180339887498938,
        "y": 3.0776835371752527
      },
      "v2": {
        "x": 2.118033988749894,
        "y": 3.0776835371752527
      },
      "v3": {
        "x": 1.809016994374946,
        "y": 4.028740053470406
      },
      "v4": {
        "x": 0.8090169943749459,
        "y": 4.028740053470406
      },
      "fillColor": "red",
      "coord": "XDDDYX,YCCXYX"
    },
    "center": {
      "x": 1.4635254915624198,
      "y": 3.553211795322829
    },
    "neighbors": [
      "XYCCCX,YXDDYX",
      null,
      null,
      "XYCXYX,YXXXYX"
    ]
  },
  "XYCCCX,YXDDYX": {
    "base": 4,
    "rhombus": {
      "v1": {
        "x": 1.1180339887498938,
        "y": 3.0776835371752527
      },
      "v2": {
        "x": 0.8090169943749469,
        "y": 2.1266270208800986
      },
      "v3": {
        "x": 1.809016994374946,
        "y": 2.126627020880099
      },
      "v4": {
        "x": 2.118033988749894,
        "y": 3.0776835371752527
      },
      "fillColor": "red",
      "coord": "XYCCCX,YXDDYX"
    },
    "center": {
      "x": 1.4635254915624198,
      "y": 2.602155279027676
    },
    "neighbors": [
      null,
      "XDDDYX,YCCXYX",
      "XDDYCX,YCCCCX",
      "CCCCCX,DYCCCX"
    ]
  },
  "XYCXYX,YXXXYX": {
    "base": 11,
    "rhombus": {
      "v1": {
        "x": 1.809016994374946,
        "y": 4.028740053470406
      },
      "v2": {
        "x": 2.118033988749894,
        "y": 3.0776835371752527
      },
      "v3": {
        "x": 2.927050983124841,
        "y": 3.6654687894677247
      },
      "v4": {
        "x": 2.618033988749894,
        "y": 4.616525305762879
      },
      "fillColor": "red",
      "coord": "XYCXYX,YXXXYX"
    },
    "center": {
      "x": 2.3680339887498936,
      "y": 3.8471044214690653
    },
    "neighbors": [
      "XDDDYX,YCCXYX",
      null,
      null,
      "XYYYCX,YXDYCX"
    ]
  },
  "CCCCCX,DYCCCX": {
    "base": 9,
    "rhombus": {
      "v1": {
        "x": 2.618033988749893,
        "y": 1.5388417685876266
      },
      "v2": {
        "x": 1.809016994374946,
        "y": 2.126627020880099
      },
      "v3": {
        "x": 0.8090169943749469,
        "y": 2.1266270208800986
      },
      "v4": {
        "x": 1.6180339887498938,
        "y": 1.5388417685876266
      },
      "fillColor": "blue",
      "coord": "CCCCCX,DYCCCX"
    },
    "center": {
      "x": 1.71352549156242,
      "y": 1.8327343947338626
    },
    "neighbors": [
      "XDDYCX,YCCCCX",
      "CXYCCX,DDYCCX",
      "XXYCCX,YYCCCX",
      "XYCCCX,YXDDYX"
    ]
  },
  "XDDYCX,YCCCCX": {
    "base": 3,
    "rhombus": {
      "v1": {
        "x": 1.809016994374946,
        "y": 2.126627020880099
      },
      "v2": {
        "x": 2.618033988749893,
        "y": 1.5388417685876266
      },
      "v3": {
        "x": 2.927050983124841,
        "y": 2.4898982848827793
      },
      "v4": {
        "x": 2.118033988749894,
        "y": 3.0776835371752527
      },
      "fillColor": "red",
      "coord": "XDDYCX,YCCCCX"
    },
    "center": {
      "x": 2.3680339887498936,
      "y": 2.308262652881439
    },
    "neighbors": [
      "CCCCCX,DYCCCX",
      "XYCCCX,YXDDYX",
      "XYYYCX,YXDYCX",
      "CXDYCX,DDDYCX"
    ]
  },
  "XXYCCX,YYCCCX": {
    "base": 12,
    "rhombus": {
      "v1": {
        "x": 0.8090169943749469,
        "y": 2.1266270208800986
      },
      "v2": {
        "x": 0,
        "y": 1.5388417685876261
      },
      "v3": {
        "x": 0.8090169943749469,
        "y": 0.9510565162951533
      },
      "v4": {
        "x": 1.6180339887498938,
        "y": 1.5388417685876266
      },
      "fillColor": "red",
      "coord": "XXYCCX,YYCCCX"
    },
    "center": {
      "x": 0.8090169943749469,
      "y": 1.538841768587626
    },
    "neighbors": [
      null,
      "CCCCCX,DYCCCX",
      "CXYCCX,DDYCCX",
      null
    ]
  },
  "XDYCCX,YYYCCX": {
    "base": 1,
    "rhombus": {
      "v1": {
        "x": 2.9270509831248397,
        "y": 0.5877852522924735
      },
      "v2": {
        "x": 2.618033988749893,
        "y": 1.5388417685876266
      },
      "v3": {
        "x": 1.809016994374946,
        "y": 0.9510565162951536
      },
      "v4": {
        "x": 2.118033988749894,
        "y": 0
      },
      "fillColor": "red",
      "coord": "XDYCCX,YYYCCX"
    },
    "center": {
      "x": 2.3680339887498927,
      "y": 0.7694208842938135
    },
    "neighbors": [
      "XXXYCX,YCXYCX",
      null,
      null,
      "CXYCCX,DDYCCX"
    ]
  },
  "CXYCCX,DDYCCX": {
    "base": 6,
    "rhombus": {
      "v1": {
        "x": 2.618033988749893,
        "y": 1.5388417685876266
      },
      "v2": {
        "x": 1.6180339887498938,
        "y": 1.5388417685876266
      },
      "v3": {
        "x": 0.8090169943749469,
        "y": 0.9510565162951533
      },
      "v4": {
        "x": 1.809016994374946,
        "y": 0.9510565162951536
      },
      "fillColor": "blue",
      "coord": "CXYCCX,DDYCCX"
    },
    "center": {
      "x": 1.71352549156242,
      "y": 1.2449491424413899
    },
    "neighbors": [
      "CCCCCX,DYCCCX",
      "XDYCCX,YYYCCX",
      null,
      "XXYCCX,YYCCCX"
    ]
  },
  "XYYYCX,YXDYCX": {
    "base": 12,
    "rhombus": {
      "v1": {
        "x": 2.927050983124841,
        "y": 3.6654687894677247
      },
      "v2": {
        "x": 2.118033988749894,
        "y": 3.0776835371752527
      },
      "v3": {
        "x": 2.927050983124841,
        "y": 2.4898982848827793
      },
      "v4": {
        "x": 3.736067977499788,
        "y": 3.0776835371752527
      },
      "fillColor": "red",
      "coord": "XYYYCX,YXDYCX"
    },
    "center": {
      "x": 2.927050983124841,
      "y": 3.0776835371752522
    },
    "neighbors": [
      "XYCXYX,YXXXYX",
      null,
      "CXDYCX,DDDYCX",
      "XDDYCX,YCCCCX"
    ]
  },
  "CXDYCX,DDDYCX": {
    "base": 8,
    "rhombus": {
      "v1": {
        "x": 2.618033988749893,
        "y": 1.5388417685876266
      },
      "v2": {
        "x": 3.4270509831248397,
        "y": 2.1266270208801
      },
      "v3": {
        "x": 3.736067977499788,
        "y": 3.0776835371752527
      },
      "v4": {
        "x": 2.927050983124841,
        "y": 2.4898982848827793
      },
      "fillColor": "blue",
      "coord": "CXDYCX,DDDYCX"
    },
    "center": {
      "x": 3.1770509831248406,
      "y": 2.3082626528814396
    },
    "neighbors": [
      "CCXYCX,DYXYCX",
      "XDDYCX,YCCCCX",
      "XYYYCX,YXDYCX",
      "XXDYCX,YYXYCX"
    ]
  },
  "XXDYCX,YYXYCX": {
    "base": 4,
    "rhombus": {
      "v1": {
        "x": 3.736067977499788,
        "y": 3.0776835371752527
      },
      "v2": {
        "x": 3.4270509831248397,
        "y": 2.1266270208801
      },
      "v3": {
        "x": 4.42705098312484,
        "y": 2.1266270208801
      },
      "v4": {
        "x": 4.736067977499788,
        "y": 3.0776835371752536
      },
      "fillColor": "red",
      "coord": "XXDYCX,YYXYCX"
    },
    "center": {
      "x": 4.081559480312314,
      "y": 2.6021552790276763
    },
    "neighbors": [
      "CXDYCX,DDDYCX",
      null,
      null,
      "CCXYCX,DYXYCX"
    ]
  },
  "CCXYCX,DYXYCX": {
    "base": 6,
    "rhombus": {
      "v1": {
        "x": 4.42705098312484,
        "y": 2.1266270208801
      },
      "v2": {
        "x": 3.4270509831248397,
        "y": 2.1266270208801
      },
      "v3": {
        "x": 2.618033988749893,
        "y": 1.5388417685876266
      },
      "v4": {
        "x": 3.618033988749893,
        "y": 1.5388417685876266
      },
      "fillColor": "blue",
      "coord": "CCXYCX,DYXYCX"
    },
    "center": {
      "x": 3.5225424859373664,
      "y": 1.8327343947338632
    },
    "neighbors": [
      "XXDYCX,YYXYCX",
      null,
      "XXXYCX,YCXYCX",
      "CXDYCX,DDDYCX"
    ]
  },
  "XXXYCX,YCXYCX": {
    "base": 0,
    "rhombus": {
      "v1": {
        "x": 3.618033988749893,
        "y": 1.5388417685876266
      },